Workbook

Sheet Como usar
B1: Matriz de Stakeholders da WEEK
B2: Estudo de viabilidade | Esag Jr. Consultoria em Administração
B4: O que é
B5: A matriz mostra quem pode influenciar o negócio da WEEK ou ser afetado por ele. Cada stakeholder recebe uma nota de poder (eixo Y) e outra de interesse (eixo X) em dois momentos: AS IS, a situação de hoje, e TO BE, a situação de que a WEEK precisa para lançar o kit.
B7: Por que fazer para a WEEK
B8: Como a WEEK ainda não entrou no mercado, quase todos os stakeholders externos ainda não conhecem a marca. O AS IS registra esse ponto de partida. O TO BE mostra quem precisa estar engajado até o lançamento e a coluna de ações diz como chegar lá, ligando cada passo à Matriz CSD.
B10: Como preencher
B11: 1. Na aba Stakeholders, edite as células em azul claro, uma linha por stakeholder.
B12: 2. Dê notas de 1 a 5 para Poder e Interesse no AS IS e no TO BE, usando a escala abaixo.
B13: 3. Os quadrantes são calculados sozinhos e cada nome aparece na aba Matriz AS IS e TO BE.
B14: 4. As notas desta versão são uma primeira proposta, feita a partir do contexto do projeto e do PESTALD. Revise com a equipe antes de levar à WEEK.
B16: Legenda
C17: Célula para editar
C18: Célula calculada, não edite
B20: Escala de notas
B21: Nota | C21: Poder sobre o negócio (eixo Y) | D21: Interesse no negócio (eixo X)
B22: 1 | C22: Não interfere nas decisões da WEEK | D22: Não conhece ou não acompanha a WEEK
B23: 2 | C23: Interfere pouco e de forma indireta | D23: Acompanha só quando é procurado
B24: 3 | C24: Influencia decisões de uma área, como preço ou canal | D24: Acompanha quando é afetado
B25: 4 | C25: Pode atrasar ou encarecer o lançamento | D25: Acompanha com frequência e tem expectativas claras
B26: 5 | C26: Pode viabilizar ou impedir o lançamento | D26: Quer participar das decisões
B28: Quadrantes
B29: Quadrante | C29: Quando cai aqui | D29: Como agir
B30: Gerenciar de perto | C30: Poder e interesse altos | D30: Envolver nas decisões, com contato frequente e combinados claros
B31: Manter satisfeito | C31: Poder alto e interesse baixo | D31: Atender às exigências sem sobrecarregar com informação
B32: Manter informado | C32: Poder baixo e interesse alto | D32: Comunicar os avanços e ouvir sugestões
B33: Monitorar | C33: Poder e interesse baixos | D33: Acompanhar com pouco esforço e rever as notas se algo mudar
B34: Uma nota conta como alta quando é igual ou maior que a nota de corte, definida no topo da aba Stakeholders.

Sheet Stakeholders
A1: Matriz de Stakeholders da WEEK
A2: Edite as células em azul claro. As colunas em cinza são calculadas. Notas de 1 a 5: escala na aba Como usar.
B3: Nota de corte: poder ou interesse é alto a partir de | G3: 3
A4: Quem é | G4: AS IS: hoje | J4: TO BE: até o lançamento | M4: Plano de relacionamento
A5: Nº | B5: Stakeholder | C5: Tipo | D5: Relação com a WEEK | E5: O que espera da WEEK | F5: O que a WEEK precisa dele | G5: Poder | H5: Interesse | I5: Quadrante | J5: Poder | K5: Interesse | L5: Quadrante | M5: Ações para sair do AS IS e chegar ao TO BE | N5: Responsável | O5: Item da Matriz CSD | P5: Fonte ou evidência
A6: =IF(B6="","",COUNTA($B$6:B6)) -> 1 | B6: Fundadores da WEEK | C6: Fundadores | D6: Donos do negócio e responsáveis pela decisão de lançar o kit. | E6: Um estudo que diga se o negócio é viável e como lançar. | F6: Informações do negócio e decisão ao fim de cada fase do estudo. | G6: 5 | H6: 5 | I6: =IF(OR(G6="",H6=""),"",IF(G6>=$G$3,IF(H6>=$G$3,"Gerenciar de perto","Manter satisfeito"),IF(H6>=$G$3,"Manter informado","Monitorar"))) -> Gerenciar de perto | J6: 5 | K6: 5 | L6: =IF(OR(J6="",K6=""),"",IF(J6>=$G$3,IF(K6>=$G$3,"Gerenciar de perto","Manter satisfeito"),IF(K6>=$G$3,"Manter informado","Monitorar"))) -> Gerenciar de perto | M6: Validar com os fundadores a síntese de cada fase antes de seguir para a próxima. | N6: Francisco Hermes | O6: Matriz CSD inteira | P6: Contexto do projeto (onboarding)
A7: =IF(B7="","",COUNTA($B$6:B7)) -> 2 | B7: Esag Jr. | C7: Consultoria | D7: Faz o estudo de viabilidade do negócio em 8 semanas. | E7: Acesso às informações e alinhamento com os fundadores. | F7: Análise de mercado, pesquisa e planos operacional e financeiro que embasem a decisão. | G7: 3 | H7: 5 | I7: =IF(OR(G7="",H7=""),"",IF(G7>=$G$3,IF(H7>=$G$3,"Gerenciar de perto","Manter satisfeito"),IF(H7>=$G$3,"Manter informado","Monitorar"))) -> Gerenciar de perto | J7: 4 | K7: 5 | L7: =IF(OR(J7="",K7=""),"",IF(J7>=$G$3,IF(K7>=$G$3,"Gerenciar de perto","Manter satisfeito"),IF(K7>=$G$3,"Manter informado","Monitorar"))) -> Gerenciar de perto | M7: Fechar cada fase com uma síntese e uma recomendação direta para a WEEK, para que o estudo seja a base da decisão de lançar. | N7: Francisco Hermes | O7: Matriz CSD inteira | P7: Contexto do projeto (onboarding)
A8: =IF(B8="","",COUNTA($B$6:B8)) -> 3 | B8: Farma Júnior | C8: Consultoria | D8: Também atende os fundadores e entregou a pesquisa de mercado (Entrega parcial 1), base do estudo da Esag Jr. | E8: Que a pesquisa entregue seja aproveitada, sem sobreposição de trabalho. | F8: Dados da pesquisa já feita e alinhamento com o estudo de viabilidade. | G8: 3 | H8: 2 | I8: =IF(OR(G8="",H8=""),"",IF(G8>=$G$3,IF(H8>=$G$3,"Gerenciar de perto","Manter satisfeito"),IF(H8>=$G$3,"Manter informado","Monitorar"))) -> Manter satisfeito | J8: 3 | K8: 4 | L8: =IF(OR(J8="",K8=""),"",IF(J8>=$G$3,IF(K8>=$G$3,"Gerenciar de perto","Manter satisfeito"),IF(K8>=$G$3,"Manter informado","Monitorar"))) -> Gerenciar de perto | M8: Alinhar com a Farma Júnior antes da pesquisa de mercado (semanas 4 e 5) para reaproveitar os dados e não repetir perguntas. | N8: Francisco Hermes | O8: Conferir na Matriz CSD | P8: Contexto do projeto (onboarding)
A9: =IF(B9="","",COUNTA($B$6:B9)) -> 4 | B9: Fornecedor do sachê biodegradável | C9: Fornecedor | D9: Fornece a embalagem de uso único, base do diferencial do produto. Ainda não definido. | E9: Volume de compra e previsibilidade de pedidos. | F9: Sachê biodegradável com comprovação técnica, em lote compatível com um lançamento. | G9: 5 | H9: 1 | I9: =IF(OR(G9="",H9=""),"",IF(G9>=$G$3,IF(H9>=$G$3,"Gerenciar de perto","Manter satisfeito"),IF(H9>=$G$3,"Manter informado","Monitorar"))) -> Manter satisfeito | J9: 5 | K9: 4 | L9: =IF(OR(J9="",K9=""),"",IF(J9>=$G$3,IF(K9>=$G$3,"Gerenciar de perto","Manter satisfeito"),IF(K9>=$G$3,"Manter informado","Monitorar"))) -> Gerenciar de perto | M9: Mapear fornecedores no plano operacional e pedir comprovação técnica da biodegradabilidade. O Decreto nº 12.688/2025 abre espaço para tratamento diferenciado na logística reversa quando isso é tecnicamente comprovado. | N9: Fundadores da WEEK | O9: Conferir na Matriz CSD | P9: Decreto nº 12.688/2025, Planalto: https://www.planalto.gov.br/ccivil_03/_ato2023-2026/2025/decreto/d12688.htm | PESTALD WEEK, parte Político: https://docs.google.com/document/d/1rTsrv_ybbYp2e9YkJtvBSus9jepMAUDhKYAaqbxlMc0/edit
A10: =IF(B10="","",COUNTA($B$6:B10)) -> 5 | B10: Fabricante terceirizado | C10: Fornecedor | D10: Fabricaria e envasaria o shampoo e o condicionador nos sachês. Ainda não definido. | E10: Pedido mínimo viável e formulação definida. | F10: Produção em lote pequeno, com AFE, já que quem envasa também precisa de autorização da Anvisa. | G10: 4 | H10: 1 | I10: =IF(OR(G10="",H10=""),"",IF(G10>=$G$3,IF(H10>=$G$3,"Gerenciar de perto","Manter satisfeito"),IF(H10>=$G$3,"Manter informado","Monitorar"))) -> Manter satisfeito | J10: 4 | K10: 4 | L10: =IF(OR(J10="",K10=""),"",IF(J10>=$G$3,IF(K10>=$G$3,"Gerenciar de perto","Manter satisfeito"),IF(K10>=$G$3,"Manter informado","Monitorar"))) -> Gerenciar de perto | M10: No plano operacional, listar fabricantes com AFE que trabalhem com sachê e pedir orçamento para um lote de lançamento. | N10: Fundadores da WEEK | O10: Conferir na Matriz CSD | P10: PESTALD WEEK, partes Econômico e Legal: https://docs.google.com/document/d/1rTsrv_ybbYp2e9YkJtvBSus9jepMAUDhKYAaqbxlMc0/edit
A11: =IF(B11="","",COUNTA($B$6:B11)) -> 6 | B11: Anvisa e vigilância sanitária | C11: Regulador | D11: A vigilância local emite a Licença Sanitária e a Anvisa concede a AFE e recebe a notificação dos produtos. | E11: Empresa licenciada, produto notificado, rotulagem correta, responsável técnico e cosmetovigilância. | F11: Produto regularizado. Sem isso o kit não pode ser vendido. | G11: 5 | H11: 1 | I11: =IF(OR(G11="",H11=""),"",IF(G11>=$G$3,IF(H11>=$G$3,"Gerenciar de perto","Manter satisfeito"),IF(H11>=$G$3,"Manter informado","Monitorar"))) -> Manter satisfeito | J11: 5 | K11: 2 | L11: =IF(OR(J11="",K11=""),"",IF(J11>=$G$3,IF(K11>=$G$3,"Gerenciar de perto","Manter satisfeito"),IF(K11>=$G$3,"Manter informado","Monitorar"))) -> Manter satisfeito | M11: Levantar com um responsável técnico os requisitos de Licença Sanitária, AFE e notificação antes de escolher o fabricante. | N11: Fundadores da WEEK | O11: Conferir na Matriz CSD | P11: Lei nº 6.360/1976, Planalto: https://www.planalto.gov.br/ccivil_03/leis/l6360.htm | PESTALD WEEK, parte Legal: https://docs.google.com/document/d/1rTsrv_ybbYp2e9YkJtvBSus9jepMAUDhKYAaqbxlMc0/edit
A12: =IF(B12="","",COUNTA($B$6:B12)) -> 7 | B12: Academias e hotéis | C12: Cliente B2B | D12: Possíveis compradores do kit para alunos e hóspedes em Campinas e região. | E12: Produto prático, que agregue valor ao serviço, a um custo por uso viável. | F12: Interesse confirmado em comprar o kit e espaço para teste. | G12: 2 | H12: 1 | I12: =IF(OR(G12="",H12=""),"",IF(G12>=$G$3,IF(H12>=$G$3,"Gerenciar de perto","Manter satisfeito"),IF(H12>=$G$3,"Manter informado","Monitorar"))) -> Monitorar | J12: 3 | K12: 4 | L12: =IF(OR(J12="",K12=""),"",IF(J12>=$G$3,IF(K12>=$G$3,"Gerenciar de perto","Manter satisfeito"),IF(K12>=$G$3,"Manter informado","Monitorar"))) -> Gerenciar de perto | M12: Entrevistar academias e hotéis de Campinas na pesquisa de mercado para testar o interesse em comprar o kit. | N12: Equipe Esag Jr. | O12: Suposição: academias, hotéis e empresas têm interesse em adquirir o kit (B2B) | P12: PESTALD WEEK, quadro da Matriz CSD na parte Demográfico: https://docs.google.com/document/d/1rTsrv_ybbYp2e9YkJtvBSus9jepMAUDhKYAaqbxlMc0/edit
A13: =IF(B13="","",COUNTA($B$6:B13)) -> 8 | B13: Consumidor final | C13: Consumidor final | D13: Compraria e usaria o kit na academia ou em viagem. | E13: Praticidade e qualidade de produto premium. | F13: Compra e indicação para outras pessoas. | G13: 4 | H13: 1 | I13: =IF(OR(G13="",H13=""),"",IF(G13>=$G$3,IF(H13>=$G$3,"Gerenciar de perto","Manter satisfeito"),IF(H13>=$G$3,"Manter informado","Monitorar"))) -> Manter satisfeito | J13: 4 | K13: 4 | L13: =IF(OR(J13="",K13=""),"",IF(J13>=$G$3,IF(K13>=$G$3,"Gerenciar de perto","Manter satisfeito"),IF(K13>=$G$3,"Manter informado","Monitorar"))) -> Gerenciar de perto | M13: Definir o cliente ideal e testar a disposição a pagar na pesquisa de mercado. | N13: Equipe Esag Jr. | O13: Dúvida: quem é o cliente ideal? Suposição: os clientes estão dispostos a pagar mais pela praticidade e pela qualidade | P13: PESTALD WEEK, quadros da Matriz CSD nas partes Social e Demográfico: https://docs.google.com/document/d/1rTsrv_ybbYp2e9YkJtvBSus9jepMAUDhKYAaqbxlMc0/edit
A14: =IF(B14="","",COUNTA($B$6:B14)) | I14: =IF(OR(G14="",H14=""),"",IF(G14>=$G$3,IF(H14>=$G$3,"Gerenciar de perto","Manter satisfeito"),IF(H14>=$G$3,"Manter informado","Monitorar"))) | L14: =IF(OR(J14="",K14=""),"",IF(J14>=$G$3,IF(K14>=$G$3,"Gerenciar de perto","Manter satisfeito"),IF(K14>=$G$3,"Manter informado","Monitorar")))
A15: =IF(B15="","",COUNTA($B$6:B15)) | I15: =IF(OR(G15="",H15=""),"",IF(G15>=$G$3,IF(H15>=$G$3,"Gerenciar de perto","Manter satisfeito"),IF(H15>=$G$3,"Manter informado","Monitorar"))) | L15: =IF(OR(J15="",K15=""),"",IF(J15>=$G$3,IF(K15>=$G$3,"Gerenciar de perto","Manter satisfeito"),IF(K15>=$G$3,"Manter informado","Monitorar")))
A16: =IF(B16="","",COUNTA($B$6:B16)) | I16: =IF(OR(G16="",H16=""),"",IF(G16>=$G$3,IF(H16>=$G$3,"Gerenciar de perto","Manter satisfeito"),IF(H16>=$G$3,"Manter informado","Monitorar"))) | L16: =IF(OR(J16="",K16=""),"",IF(J16>=$G$3,IF(K16>=$G$3,"Gerenciar de perto","Manter satisfeito"),IF(K16>=$G$3,"Manter informado","Monitorar")))
A17: =IF(B17="","",COUNTA($B$6:B17)) | I17: =IF(OR(G17="",H17=""),"",IF(G17>=$G$3,IF(H17>=$G$3,"Gerenciar de perto","Manter satisfeito"),IF(H17>=$G$3,"Manter informado","Monitorar"))) | L17: =IF(OR(J17="",K17=""),"",IF(J17>=$G$3,IF(K17>=$G$3,"Gerenciar de perto","Manter satisfeito"),IF(K17>=$G$3,"Manter informado","Monitorar")))
A18: =IF(B18="","",COUNTA($B$6:B18)) | I18: =IF(OR(G18="",H18=""),"",IF(G18>=$G$3,IF(H18>=$G$3,"Gerenciar de perto","Manter satisfeito"),IF(H18>=$G$3,"Manter informado","Monitorar"))) | L18: =IF(OR(J18="",K18=""),"",IF(J18>=$G$3,IF(K18>=$G$3,"Gerenciar de perto","Manter satisfeito"),IF(K18>=$G$3,"Manter informado","Monitorar")))
A19: =IF(B19="","",COUNTA($B$6:B19)) | I19: =IF(OR(G19="",H19=""),"",IF(G19>=$G$3,IF(H19>=$G$3,"Gerenciar de perto","Manter satisfeito"),IF(H19>=$G$3,"Manter informado","Monitorar"))) | L19: =IF(OR(J19="",K19=""),"",IF(J19>=$G$3,IF(K19>=$G$3,"Gerenciar de perto","Manter satisfeito"),IF(K19>=$G$3,"Manter informado","Monitorar")))
A20: =IF(B20="","",COUNTA($B$6:B20)) | I20: =IF(OR(G20="",H20=""),"",IF(G20>=$G$3,IF(H20>=$G$3,"Gerenciar de perto","Manter satisfeito"),IF(H20>=$G$3,"Manter informado","Monitorar"))) | L20: =IF(OR(J20="",K20=""),"",IF(J20>=$G$3,IF(K20>=$G$3,"Gerenciar de perto","Manter satisfeito"),IF(K20>=$G$3,"Manter informado","Monitorar")))
A21: =IF(B21="","",COUNTA($B$6:B21)) | I21: =IF(OR(G21="",H21=""),"",IF(G21>=$G$3,IF(H21>=$G$3,"Gerenciar de perto","Manter satisfeito"),IF(H21>=$G$3,"Manter informado","Monitorar"))) | L21: =IF(OR(J21="",K21=""),"",IF(J21>=$G$3,IF(K21>=$G$3,"Gerenciar de perto","Manter satisfeito"),IF(K21>=$G$3,"Manter informado","Monitorar")))
A22: =IF(B22="","",COUNTA($B$6:B22)) | I22: =IF(OR(G22="",H22=""),"",IF(G22>=$G$3,IF(H22>=$G$3,"Gerenciar de perto","Manter satisfeito"),IF(H22>=$G$3,"Manter informado","Monitorar"))) | L22: =IF(OR(J22="",K22=""),"",IF(J22>=$G$3,IF(K22>=$G$3,"Gerenciar de perto","Manter satisfeito"),IF(K22>=$G$3,"Manter informado","Monitorar")))
A23: =IF(B23="","",COUNTA($B$6:B23)) | I23: =IF(OR(G23="",H23=""),"",IF(G23>=$G$3,IF(H23>=$G$3,"Gerenciar de perto","Manter satisfeito"),IF(H23>=$G$3,"Manter informado","Monitorar"))) | L23: =IF(OR(J23="",K23=""),"",IF(J23>=$G$3,IF(K23>=$G$3,"Gerenciar de perto","Manter satisfeito"),IF(K23>=$G$3,"Manter informado","Monitorar")))
A24: =IF(B24="","",COUNTA($B$6:B24)) | I24: =IF(OR(G24="",H24=""),"",IF(G24>=$G$3,IF(H24>=$G$3,"Gerenciar de perto","Manter satisfeito"),IF(H24>=$G$3,"Manter informado","Monitorar"))) | L24: =IF(OR(J24="",K24=""),"",IF(J24>=$G$3,IF(K24>=$G$3,"Gerenciar de perto","Manter satisfeito"),IF(K24>=$G$3,"Manter informado","Monitorar")))
A25: =IF(B25="","",COUNTA($B$6:B25)) | I25: =IF(OR(G25="",H25=""),"",IF(G25>=$G$3,IF(H25>=$G$3,"Gerenciar de perto","Manter satisfeito"),IF(H25>=$G$3,"Manter informado","Monitorar"))) | L25: =IF(OR(J25="",K25=""),"",IF(J25>=$G$3,IF(K25>=$G$3,"Gerenciar de perto","Manter satisfeito"),IF(K25>=$G$3,"Manter informado","Monitorar")))

Sheet Matriz AS IS e TO BE
A1: Matriz de poder e interesse: AS IS e TO BE
A2: Eixo Y: poder sobre o negócio. Eixo X: interesse no negócio. Montada automaticamente a partir da aba Stakeholders. | K2: Nota de corte em uso (aba Stakeholders) | O2: =Stakeholders!$G$3 -> 3
C4: AS IS: onde cada stakeholder está hoje | K4: TO BE: onde a WEEK precisa dele até o lançamento
A5: PODER | B5: 5 | C5: {=_xlfn.TEXTJOIN(CHAR(10),TRUE(),IF((Stakeholders!$G$6:$G$25=$B5)*(Stakeholders!$H$6:$H$25=C$10),Stakeholders!$B$6:$B$25,""))} -> Fornecedor do sachê biodegradável Anvisa e vigilância sanitária | D5: {=_xlfn.TEXTJOIN(CHAR(10),TRUE(),IF((Stakeholders!$G$6:$G$25=$B5)*(Stakeholders!$H$6:$H$25=D$10),Stakeholders!$B$6:$B$25,""))} | E5: {=_xlfn.TEXTJOIN(CHAR(10),TRUE(),IF((Stakeholders!$G$6:$G$25=$B5)*(Stakeholders!$H$6:$H$25=E$10),Stakeholders!$B$6:$B$25,""))} | F5: {=_xlfn.TEXTJOIN(CHAR(10),TRUE(),IF((Stakeholders!$G$6:$G$25=$B5)*(Stakeholders!$H$6:$H$25=F$10),Stakeholders!$B$6:$B$25,""))} | G5: {=_xlfn.TEXTJOIN(CHAR(10),TRUE(),IF((Stakeholders!$G$6:$G$25=$B5)*(Stakeholders!$H$6:$H$25=G$10),Stakeholders!$B$6:$B$25,""))} -> Fundadores da WEEK | I5: PODER | J5: 5 | K5: {=_xlfn.TEXTJOIN(CHAR(10),TRUE(),IF((Stakeholders!$J$6:$J$25=$J5)*(Stakeholders!$K$6:$K$25=K$10),Stakeholders!$B$6:$B$25,""))} | L5: {=_xlfn.TEXTJOIN(CHAR(10),TRUE(),IF((Stakeholders!$J$6:$J$25=$J5)*(Stakeholders!$K$6:$K$25=L$10),Stakeholders!$B$6:$B$25,""))} -> Anvisa e vigilância sanitária | M5: {=_xlfn.TEXTJOIN(CHAR(10),TRUE(),IF((Stakeholders!$J$6:$J$25=$J5)*(Stakeholders!$K$6:$K$25=M$10),Stakeholders!$B$6:$B$25,""))} | N5: {=_xlfn.TEXTJOIN(CHAR(10),TRUE(),IF((Stakeholders!$J$6:$J$25=$J5)*(Stakeholders!$K$6:$K$25=N$10),Stakeholders!$B$6:$B$25,""))} -> Fornecedor do sachê biodegradável | O5: {=_xlfn.TEXTJOIN(CHAR(10),TRUE(),IF((Stakeholders!$J$6:$J$25=$J5)*(Stakeholders!$K$6:$K$25=O$10),Stakeholders!$B$6:$B$25,""))} -> Fundadores da WEEK
B6: 4 | C6: {=_xlfn.TEXTJOIN(CHAR(10),TRUE(),IF((Stakeholders!$G$6:$G$25=$B6)*(Stakeholders!$H$6:$H$25=C$10),Stakeholders!$B$6:$B$25,""))} -> Fabricante terceirizado Consumidor final | D6: {=_xlfn.TEXTJOIN(CHAR(10),TRUE(),IF((Stakeholders!$G$6:$G$25=$B6)*(Stakeholders!$H$6:$H$25=D$10),Stakeholders!$B$6:$B$25,""))} | E6: {=_xlfn.TEXTJOIN(CHAR(10),TRUE(),IF((Stakeholders!$G$6:$G$25=$B6)*(Stakeholders!$H$6:$H$25=E$10),Stakeholders!$B$6:$B$25,""))} | F6: {=_xlfn.TEXTJOIN(CHAR(10),TRUE(),IF((Stakeholders!$G$6:$G$25=$B6)*(Stakeholders!$H$6:$H$25=F$10),Stakeholders!$B$6:$B$25,""))} | G6: {=_xlfn.TEXTJOIN(CHAR(10),TRUE(),IF((Stakeholders!$G$6:$G$25=$B6)*(Stakeholders!$H$6:$H$25=G$10),Stakeholders!$B$6:$B$25,""))} | J6: 4 | K6: {=_xlfn.TEXTJOIN(CHAR(10),TRUE(),IF((Stakeholders!$J$6:$J$25=$J6)*(Stakeholders!$K$6:$K$25=K$10),Stakeholders!$B$6:$B$25,""))} | L6: {=_xlfn.TEXTJOIN(CHAR(10),TRUE(),IF((Stakeholders!$J$6:$J$25=$J6)*(Stakeholders!$K$6:$K$25=L$10),Stakeholders!$B$6:$B$25,""))} | M6: {=_xlfn.TEXTJOIN(CHAR(10),TRUE(),IF((Stakeholders!$J$6:$J$25=$J6)*(Stakeholders!$K$6:$K$25=M$10),Stakeholders!$B$6:$B$25,""))} | N6: {=_xlfn.TEXTJOIN(CHAR(10),TRUE(),IF((Stakeholders!$J$6:$J$25=$J6)*(Stakeholders!$K$6:$K$25=N$10),Stakeholders!$B$6:$B$25,""))} -> Fabricante terceirizado Consumidor final | O6: {=_xlfn.TEXTJOIN(CHAR(10),TRUE(),IF((Stakeholders!$J$6:$J$25=$J6)*(Stakeholders!$K$6:$K$25=O$10),Stakeholders!$B$6:$B$25,""))} -> Esag Jr.
B7: 3 | C7: {=_xlfn.TEXTJOIN(CHAR(10),TRUE(),IF((Stakeholders!$G$6:$G$25=$B7)*(Stakeholders!$H$6:$H$25=C$10),Stakeholders!$B$6:$B$25,""))} | D7: {=_xlfn.TEXTJOIN(CHAR(10),TRUE(),IF((Stakeholders!$G$6:$G$25=$B7)*(Stakeholders!$H$6:$H$25=D$10),Stakeholders!$B$6:$B$25,""))} -> Farma Júnior | E7: {=_xlfn.TEXTJOIN(CHAR(10),TRUE(),IF((Stakeholders!$G$6:$G$25=$B7)*(Stakeholders!$H$6:$H$25=E$10),Stakeholders!$B$6:$B$25,""))} | F7: {=_xlfn.TEXTJOIN(CHAR(10),TRUE(),IF((Stakeholders!$G$6:$G$25=$B7)*(Stakeholders!$H$6:$H$25=F$10),Stakeholders!$B$6:$B$25,""))} | G7: {=_xlfn.TEXTJOIN(CHAR(10),TRUE(),IF((Stakeholders!$G$6:$G$25=$B7)*(Stakeholders!$H$6:$H$25=G$10),Stakeholders!$B$6:$B$25,""))} -> Esag Jr. | J7: 3 | K7: {=_xlfn.TEXTJOIN(CHAR(10),TRUE(),IF((Stakeholders!$J$6:$J$25=$J7)*(Stakeholders!$K$6:$K$25=K$10),Stakeholders!$B$6:$B$25,""))} | L7: {=_xlfn.TEXTJOIN(CHAR(10),TRUE(),IF((Stakeholders!$J$6:$J$25=$J7)*(Stakeholders!$K$6:$K$25=L$10),Stakeholders!$B$6:$B$25,""))} | M7: {=_xlfn.TEXTJOIN(CHAR(10),TRUE(),IF((Stakeholders!$J$6:$J$25=$J7)*(Stakeholders!$K$6:$K$25=M$10),Stakeholders!$B$6:$B$25,""))} | N7: {=_xlfn.TEXTJOIN(CHAR(10),TRUE(),IF((Stakeholders!$J$6:$J$25=$J7)*(Stakeholders!$K$6:$K$25=N$10),Stakeholders!$B$6:$B$25,""))} -> Farma Júnior Academias e hotéis | O7: {=_xlfn.TEXTJOIN(CHAR(10),TRUE(),IF((Stakeholders!$J$6:$J$25=$J7)*(Stakeholders!$K$6:$K$25=O$10),Stakeholders!$B$6:$B$25,""))}
B8: 2 | C8: {=_xlfn.TEXTJOIN(CHAR(10),TRUE(),IF((Stakeholders!$G$6:$G$25=$B8)*(Stakeholders!$H$6:$H$25=C$10),Stakeholders!$B$6:$B$25,""))} -> Academias e hotéis | D8: {=_xlfn.TEXTJOIN(CHAR(10),TRUE(),IF((Stakeholders!$G$6:$G$25=$B8)*(Stakeholders!$H$6:$H$25=D$10),Stakeholders!$B$6:$B$25,""))} | E8: {=_xlfn.TEXTJOIN(CHAR(10),TRUE(),IF((Stakeholders!$G$6:$G$25=$B8)*(Stakeholders!$H$6:$H$25=E$10),Stakeholders!$B$6:$B$25,""))} | F8: {=_xlfn.TEXTJOIN(CHAR(10),TRUE(),IF((Stakeholders!$G$6:$G$25=$B8)*(Stakeholders!$H$6:$H$25=F$10),Stakeholders!$B$6:$B$25,""))} | G8: {=_xlfn.TEXTJOIN(CHAR(10),TRUE(),IF((Stakeholders!$G$6:$G$25=$B8)*(Stakeholders!$H$6:$H$25=G$10),Stakeholders!$B$6:$B$25,""))} | J8: 2 | K8: {=_xlfn.TEXTJOIN(CHAR(10),TRUE(),IF((Stakeholders!$J$6:$J$25=$J8)*(Stakeholders!$K$6:$K$25=K$10),Stakeholders!$B$6:$B$25,""))} | L8: {=_xlfn.TEXTJOIN(CHAR(10),TRUE(),IF((Stakeholders!$J$6:$J$25=$J8)*(Stakeholders!$K$6:$K$25=L$10),Stakeholders!$B$6:$B$25,""))} | M8: {=_xlfn.TEXTJOIN(CHAR(10),TRUE(),IF((Stakeholders!$J$6:$J$25=$J8)*(Stakeholders!$K$6:$K$25=M$10),Stakeholders!$B$6:$B$25,""))} | N8: {=_xlfn.TEXTJOIN(CHAR(10),TRUE(),IF((Stakeholders!$J$6:$J$25=$J8)*(Stakeholders!$K$6:$K$25=N$10),Stakeholders!$B$6:$B$25,""))} | O8: {=_xlfn.TEXTJOIN(CHAR(10),TRUE(),IF((Stakeholders!$J$6:$J$25=$J8)*(Stakeholders!$K$6:$K$25=O$10),Stakeholders!$B$6:$B$25,""))}
B9: 1 | C9: {=_xlfn.TEXTJOIN(CHAR(10),TRUE(),IF((Stakeholders!$G$6:$G$25=$B9)*(Stakeholders!$H$6:$H$25=C$10),Stakeholders!$B$6:$B$25,""))} | D9: {=_xlfn.TEXTJOIN(CHAR(10),TRUE(),IF((Stakeholders!$G$6:$G$25=$B9)*(Stakeholders!$H$6:$H$25=D$10),Stakeholders!$B$6:$B$25,""))} | E9: {=_xlfn.TEXTJOIN(CHAR(10),TRUE(),IF((Stakeholders!$G$6:$G$25=$B9)*(Stakeholders!$H$6:$H$25=E$10),Stakeholders!$B$6:$B$25,""))} | F9: {=_xlfn.TEXTJOIN(CHAR(10),TRUE(),IF((Stakeholders!$G$6:$G$25=$B9)*(Stakeholders!$H$6:$H$25=F$10),Stakeholders!$B$6:$B$25,""))} | G9: {=_xlfn.TEXTJOIN(CHAR(10),TRUE(),IF((Stakeholders!$G$6:$G$25=$B9)*(Stakeholders!$H$6:$H$25=G$10),Stakeholders!$B$6:$B$25,""))} | J9: 1 | K9: {=_xlfn.TEXTJOIN(CHAR(10),TRUE(),IF((Stakeholders!$J$6:$J$25=$J9)*(Stakeholders!$K$6:$K$25=K$10),Stakeholders!$B$6:$B$25,""))} | L9: {=_xlfn.TEXTJOIN(CHAR(10),TRUE(),IF((Stakeholders!$J$6:$J$25=$J9)*(Stakeholders!$K$6:$K$25=L$10),Stakeholders!$B$6:$B$25,""))} | M9: {=_xlfn.TEXTJOIN(CHAR(10),TRUE(),IF((Stakeholders!$J$6:$J$25=$J9)*(Stakeholders!$K$6:$K$25=M$10),Stakeholders!$B$6:$B$25,""))} | N9: {=_xlfn.TEXTJOIN(CHAR(10),TRUE(),IF((Stakeholders!$J$6:$J$25=$J9)*(Stakeholders!$K$6:$K$25=N$10),Stakeholders!$B$6:$B$25,""))} | O9: {=_xlfn.TEXTJOIN(CHAR(10),TRUE(),IF((Stakeholders!$J$6:$J$25=$J9)*(Stakeholders!$K$6:$K$25=O$10),Stakeholders!$B$6:$B$25,""))}
C10: 1 | D10: 2 | E10: 3 | F10: 4 | G10: 5 | K10: 1 | L10: 2 | M10: 3 | N10: 4 | O10: 5
C11: INTERESSE | K11: INTERESSE
C13: Quadrante | E13: Como agir | K13: Total no AS IS | M13: Total no TO BE
C14: Gerenciar de perto | E14: Poder e interesse altos. Envolver nas decisões, com contato frequente e combinados claros. | K14: =COUNTIF(Stakeholders!$I$6:$I$25,C14) -> 2 | M14: =COUNTIF(Stakeholders!$L$6:$L$25,C14) -> 7
C15: Manter satisfeito | E15: Poder alto e interesse baixo. Atender às exigências sem sobrecarregar com informação. | K15: =COUNTIF(Stakeholders!$I$6:$I$25,C15) -> 5 | M15: =COUNTIF(Stakeholders!$L$6:$L$25,C15) -> 1
C16: Manter informado | E16: Poder baixo e interesse alto. Comunicar os avanços e ouvir sugestões. | K16: =COUNTIF(Stakeholders!$I$6:$I$25,C16) -> 0 | M16: =COUNTIF(Stakeholders!$L$6:$L$25,C16) -> 0
C17: Monitorar | E17: Poder e interesse baixos. Acompanhar com pouco esforço e rever as notas se algo mudar. | K17: =COUNTIF(Stakeholders!$I$6:$I$25,C17) -> 1 | M17: =COUNTIF(Stakeholders!$L$6:$L$25,C17) -> 0
